<?xml version = '1.0' encoding = 'UTF-8'?>
<Diagram class="oracle.dbtools.crest.swingui.logical.DPVLogical" name="Logical" id="DA77C792-B3BF-FAB3-A59E-9059201A2FB1">
<createdBy>alfre</createdBy>
<modifiedBy>alfre</modifiedBy>
<createdTime>2024-08-25 03:21:25 UTC</createdTime>
<autoRoute>false</autoRoute>
<boxInbox>true</boxInbox>
<showLegend>false</showLegend>
<showLabels>false</showLabels>
<showRelAttributes>false</showRelAttributes>
<gridEnabled>false</gridEnabled>
<showGrid>false</showGrid>
<diagramColor>-1</diagramColor>
<display>false</display>
<notation>0</notation>
<objectViews>
<OView class="oracle.dbtools.crest.swingui.logical.TVEntity" oid="43E08E82-AB0B-CE73-E634-68EC8685766E" otype="Entity" vid="2A15E667-EA16-9EC4-CE66-0F1BFC118E6F">
<hideElementsInCurrentOnly>false</hideElementsInCurrentOnly>
<bounds x="604" y="133" width="213" height="132"/>
</OView>
<OView class="oracle.dbtools.crest.swingui.logical.TVEntity" oid="AC977C91-31AC-EDBD-800F-7EF45E357D02" otype="Entity" vid="0D40AFA8-64AC-9CE6-4D77-B4ACF815E6C2">
<hideElementsInCurrentOnly>false</hideElementsInCurrentOnly>
<bounds x="110" y="97" width="228" height="125"/>
</OView>
<OView class="oracle.dbtools.crest.swingui.logical.TVEntity" oid="EA45E2D5-D8B9-0271-4501-2BFA4AD6EBD0" otype="Entity" vid="990A42FB-CFD5-B3A8-58B3-A2A4457FC460">
<hideElementsInCurrentOnly>false</hideElementsInCurrentOnly>
<bounds x="309" y="299" width="224" height="135"/>
</OView>
</objectViews>
<connectors>
<Connector class="oracle.dbtools.crest.swingui.logical.TVRelation" oid="61769E07-4DBE-AF28-582A-47CB547D18EF" otype="Relation" vid_source="0D40AFA8-64AC-9CE6-4D77-B4ACF815E6C2" vid_target="990A42FB-CFD5-B3A8-58B3-A2A4457FC460">
<hideElementsInCurrentOnly>false</hideElementsInCurrentOnly>
<backgroundColor>-16777216</backgroundColor>
<lineWidth>1</lineWidth>
<points>
<point x="323" y="222"/>
<point x="323" y="299"/>
</points>
</Connector>
<Connector class="oracle.dbtools.crest.swingui.logical.TVRelation" oid="B07CB62B-FE95-2234-3AFA-DB42ED7A70CC" otype="Relation" vid_source="2A15E667-EA16-9EC4-CE66-0F1BFC118E6F" vid_target="990A42FB-CFD5-B3A8-58B3-A2A4457FC460">
<hideElementsInCurrentOnly>false</hideElementsInCurrentOnly>
<backgroundColor>-16777216</backgroundColor>
<lineWidth>1</lineWidth>
<points>
<point x="604" y="260"/>
<point x="533" y="301"/>
</points>
</Connector>
</connectors>
</Diagram>