<?xml version = '1.0' encoding = 'UTF-8'?>
<Relation class="oracle.dbtools.crest.model.design.logical.Relation" name="Relation_1" directorySegmentName="seg_0" id="61769E07-4DBE-AF28-582A-47CB547D18EF">
<createdBy>alfre</createdBy>
<createdTime>2024-08-25 05:24:42 UTC</createdTime>
<ownerDesignName>formativa_3</ownerDesignName>
<engineerTo>
<item key="70029516-ED67-AD05-6D9D-0BD253976F6D" value="true"/>
</engineerTo>
<sourcePk>FCC945CF-3D8E-80E9-28D3-4A5B8BC8C50F</sourcePk>
<targetPk>E83064E4-0DBE-F5F4-51CC-659A549FA17D</targetPk>
<identifying>false</identifying>
<optionalSource>true</optionalSource>
<optionalTarget>false</optionalTarget>
<sourceCardinality>1</sourceCardinality>
<sourceEntity>AC977C91-31AC-EDBD-800F-7EF45E357D02</sourceEntity>
<targetCardinalityString>*</targetCardinalityString>
<targetEntity>EA45E2D5-D8B9-0271-4501-2BFA4AD6EBD0</targetEntity>
<transferable>true</transferable>
<deleteRule>NO ACTION</deleteRule>
</Relation>