<?xml version = '1.0' encoding = 'UTF-8'?>
<Relation class="oracle.dbtools.crest.model.design.logical.Relation" name="Relation_4" directorySegmentName="seg_0" id="B07CB62B-FE95-2234-3AFA-DB42ED7A70CC">
<createdBy>alfre</createdBy>
<createdTime>2024-08-25 05:46:01 UTC</createdTime>
<ownerDesignName>formativa_3</ownerDesignName>
<engineerTo>
<item key="70029516-ED67-AD05-6D9D-0BD253976F6D" value="true"/>
</engineerTo>
<sourcePk>102A8717-8DB9-B474-C761-096AF8835BFF</sourcePk>
<identifying>false</identifying>
<optionalSource>true</optionalSource>
<optionalTarget>false</optionalTarget>
<sourceCardinality>1</sourceCardinality>
<sourceEntity>43E08E82-AB0B-CE73-E634-68EC8685766E</sourceEntity>
<targetCardinalityString>*</targetCardinalityString>
<targetEntity>EA45E2D5-D8B9-0271-4501-2BFA4AD6EBD0</targetEntity>
<transferable>true</transferable>
<deleteRule>NO ACTION</deleteRule>
</Relation>