<?xml version = '1.0' encoding = 'UTF-8'?>
<Entity class="oracle.dbtools.crest.model.design.logical.Entity" directorySegmentName="seg_0" id="43E08E82-AB0B-CE73-E634-68EC8685766E" name="ESPECIE">
<createdBy>alfre</createdBy>
<createdTime>2024-08-25 03:22:15 UTC</createdTime>
<ownerDesignName>formativa_3</ownerDesignName>
<engineerTo>
<item key="70029516-ED67-AD05-6D9D-0BD253976F6D" value="true"/>
</engineerTo>
<adequatelyNormalized>NO</adequatelyNormalized>
<expectedVolumes>0</expectedVolumes>
<fwdEngineeringStrategyName>Single Table</fwdEngineeringStrategyName>
<growthPercent>0</growthPercent>
<growthType>Year</growthType>
<maxVolumes>9999999</maxVolumes>
<minVolumes>0</minVolumes>
<normalForm>Third</normalForm>
<attributes itemClass="oracle.dbtools.crest.model.design.logical.Attribute">
<Attribute name="id_especie" id="6D4AEEF4-9FC6-0F17-A660-369468EFD723">
<createdBy>alfre</createdBy>
<createdTime>2024-08-25 05:08:31 UTC</createdTime>
<ownerDesignName>formativa_3</ownerDesignName>
<engineerTo>
<item key="70029516-ED67-AD05-6D9D-0BD253976F6D" value="true"/>
</engineerTo>
<useDomainConstraints>false</useDomainConstraints>
<use>1</use>
<logicalDatatype>LOGDT019</logicalDatatype>
<dataTypePrecision>5</dataTypePrecision>
<ownDataTypeParameters>,5,</ownDataTypeParameters>
</Attribute>
<Attribute name="nombre_especie" id="9C5572D1-F370-AB65-1570-672571B8299F">
<createdBy>alfre</createdBy>
<createdTime>2024-08-25 05:09:12 UTC</createdTime>
<ownerDesignName>formativa_3</ownerDesignName>
<engineerTo>
<item key="70029516-ED67-AD05-6D9D-0BD253976F6D" value="true"/>
</engineerTo>
<nullsAllowed>true</nullsAllowed>
<useDomainConstraints>false</useDomainConstraints>
<use>1</use>
<logicalDatatype>LOGDT024</logicalDatatype>
<dataTypeSize>20 BYTE</dataTypeSize>
<ownDataTypeParameters>20 BYTE,,</ownDataTypeParameters>
</Attribute>
<Attribute name="variedad" id="D7DB6209-62EC-39C7-4A1C-D1341C776402">
<createdBy>alfre</createdBy>
<createdTime>2024-08-25 05:09:38 UTC</createdTime>
<ownerDesignName>formativa_3</ownerDesignName>
<engineerTo>
<item key="70029516-ED67-AD05-6D9D-0BD253976F6D" value="true"/>
</engineerTo>
<nullsAllowed>true</nullsAllowed>
<useDomainConstraints>false</useDomainConstraints>
<use>1</use>
<logicalDatatype>LOGDT024</logicalDatatype>
<dataTypeSize>20 BYTE</dataTypeSize>
<ownDataTypeParameters>20 BYTE,,</ownDataTypeParameters>
</Attribute>
</attributes>
<identifiers itemClass="oracle.dbtools.crest.model.design.logical.CandidateKey">
<identifier id="102A8717-8DB9-B474-C761-096AF8835BFF" name="ESPECIE PK">
<createdBy>alfre</createdBy>
<createdTime>2024-08-25 05:08:59 UTC</createdTime>
<ownerDesignName>formativa_3</ownerDesignName>
<engineerTo>
<item key="70029516-ED67-AD05-6D9D-0BD253976F6D" value="true"/>
</engineerTo>
<pk>true</pk>
<usedAttributes>
<attributeRef>6D4AEEF4-9FC6-0F17-A660-369468EFD723</attributeRef>
</usedAttributes>
</identifier>
</identifiers>
</Entity>