<?xml version = '1.0' encoding = 'UTF-8'?>
<Entity class="oracle.dbtools.crest.model.design.logical.Entity" directorySegmentName="seg_0" id="AC977C91-31AC-EDBD-800F-7EF45E357D02" name="HUERTO">
<createdBy>alfre</createdBy>
<createdTime>2024-08-25 03:21:36 UTC</createdTime>
<ownerDesignName>formativa_3</ownerDesignName>
<engineerTo>
<item key="70029516-ED67-AD05-6D9D-0BD253976F6D" value="true"/>
</engineerTo>
<adequatelyNormalized>NO</adequatelyNormalized>
<expectedVolumes>0</expectedVolumes>
<fwdEngineeringStrategyName>Single Table</fwdEngineeringStrategyName>
<growthPercent>0</growthPercent>
<growthType>Year</growthType>
<maxVolumes>9999999</maxVolumes>
<minVolumes>0</minVolumes>
<normalForm>Third</normalForm>
<attributes itemClass="oracle.dbtools.crest.model.design.logical.Attribute">
<Attribute name="id_huerto" id="42B10C56-B6A7-0640-4281-53222D9C1135">
<createdBy>alfre</createdBy>
<createdTime>2024-08-25 03:57:01 UTC</createdTime>
<ownerDesignName>formativa_3</ownerDesignName>
<engineerTo>
<item key="70029516-ED67-AD05-6D9D-0BD253976F6D" value="true"/>
</engineerTo>
<useDomainConstraints>false</useDomainConstraints>
<use>1</use>
<logicalDatatype>LOGDT019</logicalDatatype>
<dataTypePrecision>5</dataTypePrecision>
<ownDataTypeParameters>,5,</ownDataTypeParameters>
</Attribute>
<Attribute name="nombre_huerto" id="B90A163B-9DD8-A7DB-7923-8846159CE306">
<createdBy>alfre</createdBy>
<createdTime>2024-08-25 04:13:57 UTC</createdTime>
<ownerDesignName>formativa_3</ownerDesignName>
<engineerTo>
<item key="70029516-ED67-AD05-6D9D-0BD253976F6D" value="true"/>
</engineerTo>
<nullsAllowed>true</nullsAllowed>
<useDomainConstraints>false</useDomainConstraints>
<use>1</use>
<logicalDatatype>LOGDT024</logicalDatatype>
<dataTypeSize>20 BYTE</dataTypeSize>
<ownDataTypeParameters>20 BYTE,,</ownDataTypeParameters>
</Attribute>
<Attribute name="area" id="BC1CDD24-4975-6B05-9D3F-785137D3CD17">
<createdBy>alfre</createdBy>
<createdTime>2024-08-25 04:32:43 UTC</createdTime>
<ownerDesignName>formativa_3</ownerDesignName>
<engineerTo>
<item key="70029516-ED67-AD05-6D9D-0BD253976F6D" value="true"/>
</engineerTo>
<nullsAllowed>true</nullsAllowed>
<useDomainConstraints>false</useDomainConstraints>
<use>1</use>
<logicalDatatype>LOGDT020</logicalDatatype>
<dataTypePrecision>6</dataTypePrecision>
<dataTypeScale>2</dataTypeScale>
<ownDataTypeParameters>,6,2</ownDataTypeParameters>
</Attribute>
</attributes>
<identifiers itemClass="oracle.dbtools.crest.model.design.logical.CandidateKey">
<identifier id="FCC945CF-3D8E-80E9-28D3-4A5B8BC8C50F" name="HUERTO PK">
<createdBy>alfre</createdBy>
<createdTime>2024-08-25 03:57:42 UTC</createdTime>
<ownerDesignName>formativa_3</ownerDesignName>
<engineerTo>
<item key="70029516-ED67-AD05-6D9D-0BD253976F6D" value="true"/>
</engineerTo>
<pk>true</pk>
<usedAttributes>
<attributeRef>42B10C56-B6A7-0640-4281-53222D9C1135</attributeRef>
</usedAttributes>
</identifier>
</identifiers>
</Entity>