<?xml version = '1.0' encoding = 'UTF-8'?>
<Entity class="oracle.dbtools.crest.model.design.logical.Entity" directorySegmentName="seg_0" id="EA45E2D5-D8B9-0271-4501-2BFA4AD6EBD0" name="ARBOL">
<createdBy>alfre</createdBy>
<createdTime>2024-08-25 03:22:08 UTC</createdTime>
<ownerDesignName>formativa_3</ownerDesignName>
<engineerTo>
<item key="70029516-ED67-AD05-6D9D-0BD253976F6D" value="true"/>
</engineerTo>
<adequatelyNormalized>NO</adequatelyNormalized>
<expectedVolumes>0</expectedVolumes>
<fwdEngineeringStrategyName>Single Table</fwdEngineeringStrategyName>
<growthPercent>0</growthPercent>
<growthType>Year</growthType>
<maxVolumes>9999999</maxVolumes>
<minVolumes>0</minVolumes>
<normalForm>Third</normalForm>
<attributes itemClass="oracle.dbtools.crest.model.design.logical.Attribute">
<Attribute name="id_arbol" id="12FD0DDE-4B8C-5549-2FB0-613D3F336018">
<createdBy>alfre</createdBy>
<createdTime>2024-08-25 05:11:54 UTC</createdTime>
<ownerDesignName>formativa_3</ownerDesignName>
<engineerTo>
<item key="70029516-ED67-AD05-6D9D-0BD253976F6D" value="true"/>
</engineerTo>
<useDomainConstraints>false</useDomainConstraints>
<use>1</use>
<logicalDatatype>LOGDT019</logicalDatatype>
<dataTypePrecision>5</dataTypePrecision>
<ownDataTypeParameters>,5,</ownDataTypeParameters>
</Attribute>
<Attribute name="anio_plantado" id="5221E19E-B339-D88B-0B8C-F0DBA2431921">
<createdBy>alfre</createdBy>
<createdTime>2024-08-25 05:12:28 UTC</createdTime>
<ownerDesignName>formativa_3</ownerDesignName>
<engineerTo>
<item key="70029516-ED67-AD05-6D9D-0BD253976F6D" value="true"/>
</engineerTo>
<nullsAllowed>true</nullsAllowed>
<useDomainConstraints>false</useDomainConstraints>
<use>1</use>
<logicalDatatype>LOGDT007</logicalDatatype>
<ownDataTypeParameters>,,</ownDataTypeParameters>
</Attribute>
<Attribute name="anio_muerte" id="5EC3B9FD-6AB0-2313-D1A2-656E035810FB">
<createdBy>alfre</createdBy>
<createdTime>2024-08-25 05:12:50 UTC</createdTime>
<ownerDesignName>formativa_3</ownerDesignName>
<engineerTo>
<item key="70029516-ED67-AD05-6D9D-0BD253976F6D" value="true"/>
</engineerTo>
<nullsAllowed>true</nullsAllowed>
<useDomainConstraints>false</useDomainConstraints>
<use>1</use>
<logicalDatatype>LOGDT007</logicalDatatype>
<ownDataTypeParameters>,,</ownDataTypeParameters>
</Attribute>
<Attribute name="id_huerto" id="ACEFC420-0289-2D49-FBF1-92318CFDDF3C">
<createdBy>alfre</createdBy>
<createdTime>2024-08-25 05:25:24 UTC</createdTime>
<generatorID>61769E07-4DBE-AF28-582A-47CB547D18EF</generatorID>
<ownerDesignName>formativa_3</ownerDesignName>
<engineerTo>
<item key="70029516-ED67-AD05-6D9D-0BD253976F6D" value="true"/>
</engineerTo>
<referedAttribute>42B10C56-B6A7-0640-4281-53222D9C1135</referedAttribute>
<useDomainConstraints>false</useDomainConstraints>
<use>1</use>
<logicalDatatype>LOGDT019</logicalDatatype>
<dataTypePrecision>5</dataTypePrecision>
<ownDataTypeParameters>,5,</ownDataTypeParameters>
</Attribute>
<Attribute name="id_especie" id="A8C0E9E2-FFD4-9927-16A7-179D63BBAE4C">
<createdBy>alfre</createdBy>
<createdTime>2024-08-25 05:46:01 UTC</createdTime>
<generatorID>B07CB62B-FE95-2234-3AFA-DB42ED7A70CC</generatorID>
<ownerDesignName>formativa_3</ownerDesignName>
<engineerTo>
<item key="70029516-ED67-AD05-6D9D-0BD253976F6D" value="true"/>
</engineerTo>
<referedAttribute>6D4AEEF4-9FC6-0F17-A660-369468EFD723</referedAttribute>
<useDomainConstraints>false</useDomainConstraints>
<use>1</use>
<logicalDatatype>LOGDT019</logicalDatatype>
<dataTypePrecision>5</dataTypePrecision>
<ownDataTypeParameters>,5,</ownDataTypeParameters>
</Attribute>
</attributes>
<identifiers itemClass="oracle.dbtools.crest.model.design.logical.CandidateKey">
<identifier id="E83064E4-0DBE-F5F4-51CC-659A549FA17D" name="ARBOL PK">
<createdBy>alfre</createdBy>
<createdTime>2024-08-25 05:12:18 UTC</createdTime>
<ownerDesignName>formativa_3</ownerDesignName>
<engineerTo>
<item key="70029516-ED67-AD05-6D9D-0BD253976F6D" value="true"/>
</engineerTo>
<pk>true</pk>
<usedAttributes>
<attributeRef>12FD0DDE-4B8C-5549-2FB0-613D3F336018</attributeRef>
</usedAttributes>
</identifier>
</identifiers>
</Entity>